time,theta,theta_dot
0.0,1.5707963267948966,0.0
0.01001001001001001,1.5705625490637956,-0.04622483179556966
0.02002002002002002,1.5698803850541467,-0.08960826962877906
0.03003003003003003,1.5687783506077557,-0.13027509005314744
0.04004004004004004,1.5672843957765474,-0.16834673998690158
0.050050050050050046,1.565422786486882,-0.2039345445099075
0.06006006006006006,1.5632168624882357,-0.23714591468682344
0.07007007007007007,1.5606892092363083,-0.26808473056784854
0.08008008008008008,1.557861657893022,-0.2968513411887232
0.09009009009009009,1.5547552853265216,-0.3235425645707287
0.10010010010010009,1.551390414111175,-0.34825168772068765
0.11011011011011011,1.5477866125275723,-0.37106846663096327
0.12012012012012012,1.543962694562527,-0.3920791262794602
0.13013013013013014,1.5399367199090745,-0.4113663606296243
0.14014014014014015,1.5357259939664736,-0.42900933263044194
0.15015015015015015,1.5313470678402055,-0.4450836742164409
0.16016016016016016,1.5268157383419743,-0.4596614863076901
0.17017017017017017,1.5221471062768928,-0.4728115602550439
0.18018018018018017,1.517357259665155,-0.484607232967775
0.19019019019019018,1.512459122089384,-0.49511335479436464
0.20020020020020018,1.5074638246736245,-0.5043881900071896
0.21021021021021022,1.5023821832146693,-0.5124883359066388
0.22022022022022023,1.4972246981820576,-0.5194687228211132
0.23023023023023023,1.4920015547180765,-0.5253826141070256
0.24024024024024024,1.48672262263776,-0.5302816061488009
0.2502502502502503,1.481397456428889,-0.534215628358876
0.2602602602602603,1.4760352952519922,-0.5372329431776999
0.2702702702702703,1.4706450629403451,-0.539380146073733
0.2802802802802803,1.4652353679999706,-0.5407021655434485
0.2902902902902903,1.4598145036096384,-0.5412422631113312
0.3003003003003003,1.4543904476208662,-0.5410420333298777
0.3103103103103103,1.448970862557918,-0.540141403779597
0.3203203203203203,1.4435630956178058,-0.5385786350690096
0.3303303303303303,1.4381741786702882,-0.5363903208346487
0.34034034034034033,1.4328108282578713,-0.5336113877410588
0.35035035035035034,1.4274794455958084,-0.5302750954807965
0.36036036036036034,1.4221861165721,-0.5264130367744309
0.37037037037037035,1.4169366118060778,-0.5220551379601598
0.38038038038038036,1.411736790797216,-0.5172371227067785
0.39039039039039036,1.4065908340716398,-0.5119922867169391
0.40040040040040037,1.4015017239417016,-0.5063456030550559
0.41041041041041043,1.3964723457619779,-0.5003214339941706
0.42042042042042044,1.39150548792927,-0.49394353101595284
0.43043043043043044,1.3866038418826039,-0.48723503481069985
0.44044044044044045,1.381770002103229,-0.48021847527733685
0.45045045045045046,1.3770064661146202,-0.47291577152341646
0.46046046046046046,1.3723156344824767,-0.46534823186511937
0.47047047047047047,1.3676998108147218,-0.4575365538272538
0.4804804804804805,1.3631612017615033,-0.4495008241432559
0.4904904904904905,1.358701917015194,-0.44126051875518935
0.5005005005005005,1.3543239693103903,-0.4328345028137457
0.5105105105105106,1.3500292744239142,-0.4242410306782444
0.5205205205205206,1.3458196511748108,-0.4154977459166324
0.5305305305305306,1.3416968214243508,-0.4066216813054845
0.5405405405405406,1.3376624100760288,-0.3976292588300032
0.5505505505505506,1.3337179450755638,-0.3885362896840188
0.5605605605605606,1.3298648574109,-0.3793579742699894
0.5705705705705706,1.326104481112205,-0.3701089021990007
0.5805805805805806,1.3224380532518716,-0.36080305229076626
0.5905905905905906,1.3188667139445167,-0.3514537925736274
0.6006006006006006,1.315391506346982,-0.3420738802845531
0.6106106106106106,1.3120133864795658,-0.33267564152397033
0.6206206206206206,1.3087330597870244,-0.3232751325412194
0.6306306306306306,1.3055498527449934,-0.3138827766635665
0.6406406406406406,1.3024627762409713,-0.3045059079954726
0.6506506506506506,1.2994708556200565,-0.2951516862168395
0.6606606606606606,1.296573130684945,-0.2858270965830097
0.6706706706706707,1.2937686556959322,-0.27653894992476635
0.6806806806806807,1.291056499370912,-0.2672938826483334
0.6906906906906907,1.288435744885377,-0.2580983567353755
0.7007007007007007,1.285905489872418,-0.24895865974299797
0.7107107107107107,1.2834648464227254,-0.23988090480374694
0.7207207207207207,1.2811129410845874,-0.2308710306256092
0.7307307307307307,1.2788489148638915,-0.22193480149201233
0.7407407407407407,1.2766719232241235,-0.21307780726182457
0.7507507507507507,1.2745811360863681,-0.20430546336935484
0.7607607607607607,1.2725757378293086,-0.19562301082435293
0.7707707707707707,1.270654927289227,-0.1870355162120092
0.7807807807807807,1.2688179177600039,-0.17854787169295486
0.7907907907907907,1.2670639369931187,-0.17016479500326162
0.8008008008008007,1.2653922271976494,-0.16189082945444236
0.8108108108108109,1.2638020450402727,-0.1537303439334501
0.8208208208208209,1.2622926616452639,-0.14568753290267905
0.8308308308308309,1.2608633625944974,-0.137766416399964
0.8408408408408409,1.2595134479274457,-0.1299708400385803
0.8508508508508509,1.2582422321411801,-0.12230447500724431
0.8608608608608609,1.257049044190371,-0.1147708180701128
0.8708708708708709,1.2559332274872872,-0.10737319156678357
0.8808808808808809,1.254894010934471,-0.10011450729065254
0.8908908908908909,1.253928457933108,-0.09299319453616789
0.9009009009009009,1.2530343078504154,-0.08600805435937954
0.9109109109109109,1.252209935107085,-0.0791588646662256
0.9209209209209209,1.2514537450433134,-0.07244536976047748
0.9309309309309309,1.250764173918801,-0.06586728034373997
0.9409409409409409,1.2501396889127514,-0.05942427351545113
0.950950950950951,1.2495787881238734,-0.05311599277288236
0.960960960960961,1.2490800005703793,-0.04694204801113845
0.970970970970971,1.248641886189985,-0.040902015523157455
0.980980980980981,1.2482630358399112,-0.03499543799971076
0.990990990990991,1.247942071296882,-0.029221824529403126
1.001001001001001,1.247677645257126,-0.02358065059867255
1.011011011011011,1.2474684413363755,-0.018071358091790557
1.021021021021021,1.2473131740698666,-0.01269335529086181
1.031031031031031,1.24721058891234,-0.007446016875824343
1.0410410410410411,1.2471594622380398,-0.0023286839244495705
1.0510510510510511,1.2471586013407143,0.002659336087657782
1.0610610610610611,1.2472068444336166,0.007518769287059718
1.0710710710710711,1.2473030606495026,0.012250375402484845
1.0810810810810811,1.2474461500406329,0.016854947764828418
1.0910910910910911,1.2476350435787718,0.021333313307152407
1.1011011011011012,1.247868703155188,0.025686332564685527
1.1111111111111112,1.248146121580654,0.02991489967482297
1.1211211211211212,1.2484661746234031,0.03402026108365395
1.1311311311311312,1.2488271073878014,0.038005366051648004
1.1411411411411412,1.2492275788827552,0.04187266001351719
1.1511511511511512,1.2496663457643284,0.04562442465588575
1.1611611611611612,1.2501421932617887,0.049262908028867694
1.1711711711711712,1.2506539351776067,0.052790324546066775
1.1811811811811812,1.2512004138874573,0.05620885498457655
1.1911911911911912,1.2517805003402176,0.059520646484980275
1.2012012012012012,1.2523930940579695,0.06272781255135106
1.2112112112112112,1.2530371231359971,0.0658324330512517
1.2212212212212212,1.253711544242789,0.06883655421573474
1.2312312312312312,1.2544153426200364,0.07174218863934258
1.2412412412412412,1.2551475320826344,0.0745513152801073
1.2512512512512513,1.2559071550186816,0.07726587945955077
1.2612612612612613,1.2566932823894794,0.07988779286268466
1.2712712712712713,1.2575050137295334,0.08241893353801029
1.2812812812812813,1.2583414771465522,0.08486114589751889
1.2912912912912913,1.2592018293214482,0.08721624071669133
1.3013013013013013,1.2600852555083368,0.08948599513449831
1.3113113113113113,1.2609909695345372,0.0916721526534003
1.3213213213213213,1.2619182138005716,0.09377642313934745
1.3313313313313313,1.262866259280166,0.09580048282177978
1.3413413413413413,1.2638344055202497,0.097745974293627
1.3513513513513513,1.2648219806409557,0.09961450651130858
1.3613613613613613,1.2658281754844385,0.10140795988105951
1.3713713713713713,1.266852019546757,0.10312878453584452
1.3813813813813813,1.2678927933421518,0.10477915296984643
1.3913913913913913,1.2689497997481938,0.10636118225667891
1.4014014014014013,1.2700223594032285,0.10787694082288485
1.4114114114114114,1.271109810706375,0.10932844844793621
1.4214214214214214,1.2722115098175268,0.1107176762642341
1.4314314314314314,1.2733268306573522,0.11204654675710876
1.4414414414414414,1.274455164907293,0.11331693376481954
1.4514514514514514,1.2755959220095656,0.11453066247855494
1.4614614614614614,1.2767485291671605,0.11568950944243257
1.4714714714714714,1.2779124313438428,0.11679520255349919
1.4814814814814814,1.2790870912641512,0.11784942106173069
1.4914914914914914,1.2802719894133994,0.11885379557003203
1.5015015015015014,1.2814666240376744,0.11980990803423738
1.5115115115115114,1.2826705111438383,0.12071929176311
1.5215215215215214,1.2838831844995273,0.12158343141834226
1.5315315315315314,1.2851041956331515,0.12240376301455569
1.5415415415415414,1.2863331138338951,0.12318167391930092
1.5515515515515514,1.287569526151717,0.12391850285305775
1.5615615615615615,1.2888130373973505,0.12461553988923504
1.5715715715715715,1.2900632701423025,0.12527402645417088
1.5815815815815815,1.2913198647188544,0.12589515532713236
1.5915915915915915,1.2925824792200622,0.12648007064031583
1.6016016016016015,1.2938507894997555,0.12702986787884665
1.6116116116116117,1.2951244891725386,0.1275455938807794
1.6216216216216217,1.2964032896137898,0.12802824683709776
1.6316316316316317,1.297686919959662,0.1284787762917145
1.6416416416416417,1.2989750516842262,0.12889826964864548
1.6516516516516517,1.3002670361074604,0.12928871418758273
1.6616616616616617,1.3015625856050606,0.12965136294868068
1.6716716716716717,1.3028614804076815,0.12998729875459267
1.6816816816816818,1.304163505709627,0.13029757849158266
1.6916916916916918,1.3054684516688497,0.13058323310952535
1.7017017017017018,1.3067761134069509,0.13084526762190613
1.7117117117117118,1.3080862910091815,0.13108466110582095
1.7217217217217218,1.30939878952444,0.13130236670197656
1.7317317317317318,1.3107134189652754,0.1314993116146904
1.7417417417417418,1.312029994307884,0.1316763971118905
1.7517517517517518,1.313348335492112,0.13183449852511564
1.7617617617617618,1.314668267421454,0.13197446524951525
1.7717717717717718,1.3159896199630539,0.13209712074384944
1.7817817817817818,1.3173122279477039,0.13220326253048906
1.7917917917917918,1.3186359311698452,0.13229366219541555
1.8018018018018018,1.3199605743875686,0.13236906538822107
1.8118118118118118,1.3212860073226127,0.13243019182210852
1.8218218218218218,1.3226120846603657,0.13247773527389137
1.8318318318318318,1.3239386660498644,0.13251236358399385
1.8418418418418419,1.3252656161037946,0.13253471865645083
1.8518518518518519,1.326592804398491,0.1325454164589079
1.8618618618618619,1.3279201054739367,0.13254504702262135
1.8718718718718719,1.329247398833764,0.13253417444245805
1.8818818818818819,1.3305745689452548,0.1325133368768956
1.8918918918918919,1.3319015052393386,0.13248304654802234
1.901901901901902,1.3332281021105943,0.13244378974153725
1.911911911911912,1.33455425891725,0.13239602680674994
1.921921921921922,1.3358798799811824,0.1323401921565808
1.931931931931932,1.337204874587917,0.1322766942675608
1.941941941941942,1.3385291569866282,0.1322059156798317
1.951951951951952,1.3398526463901395,0.1321282129971458
1.961961961961962,1.3411752669749228,0.13204391688686623
1.971971971971972,1.3424969478810995,0.1319533320799667
1.981981981981982,1.3438176232124392,0.13185673737103162
1.991991991991992,1.3451372320363608,0.13175438561825614
2.002002002002002,1.3464557183839323,0.131646503743446
2.012012012012012,1.3477730312498697,0.1315332927320177
2.022022022022022,1.349089124592539,0.13141492763299836
2.032032032032032,1.350403932076163,0.13129184094962082
2.042042042042042,1.3517173923345895,0.1311646597296294
2.052052052052052,1.3530294886610899,0.13103366218287493
2.062062062062062,1.3543402053083828,0.13089911666518314
2.0720720720720722,1.3556495271873872,0.1307612845002276
2.0820820820820822,1.3569574398672217,0.13062041997952958
2.0920920920920922,1.3582639295752046,0.13047677036245814
2.1021021021021022,1.3595689831968545,0.13033057587623004
2.1121121121121122,1.3608725882758894,0.13018206971590984
2.1221221221221223,1.3621747330142275,0.1300314780444098
2.1321321321321323,1.363475406271987,0.12987901999248994
2.1421421421421423,1.3647745975674854,0.12972490765875802
2.1521521521521523,1.3660722970772408,0.1295693461096696
2.1621621621621623,1.3673684956359704,0.12941253337952796
2.1721721721721723,1.3686631847365918,0.1292546604704841
2.1821821821821823,1.3699563565302224,0.12909591135253676
2.1921921921921923,1.3712480038261794,0.12893646296353248
2.2022022022022023,1.37253812009198,0.12877648520916554
2.2122122122122123,1.373826699453341,0.1286161409629779
2.2222222222222223,1.3751137366941792,0.1284555860663594
2.2322322322322323,1.3763992272566115,0.12829496932854748
2.2422422422422423,1.3776831672409542,0.12813443252662743
2.2522522522522523,1.378965553405724,0.12797411040553225
2.2622622622622623,1.3802463831676368,0.12781413067804265
2.2722722722722724,1.3815256546016095,0.1276546140247872
2.2822822822822824,1.3828033664407573,0.1274956740942421
2.2922922922922924,1.3840795180763967,0.12733741750273134
2.3023023023023024,1.3853541095580435,0.1271799438344267
2.3123123123123124,1.3866271415934133,0.12702334564134765
2.3223223223223224,1.3878986155484214,0.12686770844336143
2.3323323323323324,1.3891685334471833,0.12671311072818303
2.3423423423423424,1.3904368979720145,0.12655962395137518
2.3523523523523524,1.3917037124634302,0.1264073125363484
2.3623623623623624,1.392968980920145,0.12625623387436088
2.3723723723723724,1.3942327079990742,0.1261064383245186
2.3823823823823824,1.3954948990153324,0.1259579692137753
2.3923923923923924,1.3967555599422343,0.1258108628369325
2.4024024024024024,1.3980146974112946,0.12566514845663934
2.4124124124124124,1.3992723187122273,0.12552084830339286
2.4224224224224224,1.400528431792947,0.12537797757553773
2.4324324324324325,1.4017830452595677,0.12523654443926646
2.4424424424424425,1.4030361683764032,0.12509655002861925
2.4524524524524525,1.4042878110659678,0.12495798844548406
2.4624624624624625,1.4055379839089748,0.12482084675959661
2.4724724724724725,1.4067866981443382,0.12468510500854035
2.4824824824824825,1.4080339656691714,0.12455073619774651
2.4924924924924925,1.4092797990387878,0.12441770630049402
2.5025025025025025,1.4105242114667003,0.1242859742579096
2.5125125125125125,1.4117672168246223,0.1241554919789677
2.5225225225225225,1.4130088296424668,0.12402620434049053
2.5325325325325325,1.4142490651083466,0.12389804918714803
2.5425425425425425,1.4154879390685744,0.12377095733145789
2.5525525525525525,1.4167254680276629,0.12364485255378556
2.5625625625625625,1.4179616691483243,0.12351965160234422
2.5725725725725725,1.4191965602514711,0.12339526419319485
2.5825825825825826,1.4204301598162157,0.12327159301024611
2.5925925925925926,1.42166248697987,0.12314853370525443
2.6026026026026026,1.4228935615379459,0.123025974897824
2.6126126126126126,1.4241234039441553,0.12290379817540678
2.6226226226226226,1.4253520353104099,0.12278187809330242
2.6326326326326326,1.426579477406821,0.12266008217465836
2.6426426426426426,1.4278057526617007,0.12253827091046976
2.6526526526526526,1.4290308841615595,0.12241629775957959
2.6626626626626626,1.4302548956511094,0.12229400914867847
2.6726726726726726,1.4314778115332607,0.12217124447230486
2.6826826826826826,1.432699656869125,0.12204783609284492
2.6926926926926926,1.4339204573780127,0.12192360934053255
2.7027027027027026,1.4351402417288344,0.12179843603148617
2.7127127127127126,1.4363590546453393,0.12167306202889841
2.7227227227227226,1.43757687736895,0.12154788788137208
2.7327327327327327,1.4387936756880446,0.12142304425152434
2.7427427427427427,1.4400094176613483,0.1212986536420953
2.7527527527527527,1.4412240736179318,0.12117483039594808
2.7627627627627627,1.4424376161572128,0.12105168069606874
2.7727727727727727,1.443650020148955,0.12092930256556637
2.7827827827827827,1.4448612627332686,0.120807785867673
2.7927927927927927,1.44607132332061,0.12068721230574367
2.8028028028028027,1.447280183591782,0.12056765542325636
2.8128128128128127,1.4484878274979334,0.12044918060381206
2.8228228228228227,1.4496942412605602,0.12033184507113476
2.8328328328328327,1.450899413371504,0.12021569788907137
2.8428428428428427,1.4521033345929533,0.12010077996159184
2.8528528528528527,1.453305997957442,0.11998712403278906
2.8628628628628627,1.4545073987678516,0.11987475468687893
2.8728728728728727,1.4557075345974089,0.1197636883482003
2.8828828828828827,1.4569064052896876,0.119653933281215
2.8928928928928928,1.4581040129586076,0.11954548959050788
2.9029029029029028,1.459300361988435,0.11943834922078674
2.9129129129129128,1.4604954590337829,0.11933249595688235
2.9229229229229228,1.4616893130196096,0.11922790542374849
2.932932932932933,1.4628819351412206,0.11912454508646189
2.942942942942943,1.4640733388642675,0.11902237425022227
2.952952952952953,1.4652635399247484,0.11892134406035235
2.962962962962963,1.4664525563290076,0.1188213975022978
2.972972972972973,1.4676404083537355,0.11872246940162728
2.982982982982983,1.4688271185459694,0.11862448642403245
2.992992992992993,1.4700127117230923,0.11852736707532792
3.003003003003003,1.4711972149728343,0.1184310217014513
3.013013013013013,1.4723806576532712,0.11833535248846316
3.023023023023023,1.4735630713928254,0.11824025346254709
3.033033033033033,1.4747444900902653,0.11814561049000959
3.043043043043043,1.4759249499147065,0.11805130127728022
3.053053053053053,1.47710448930561,0.11795719537091147
3.063063063063063,1.478283148972784,0.11786315415757881
3.073073073073073,1.4794609718963818,0.11776903086408072
3.083083083083083,1.4806380033269047,0.11767467055733864
3.093093093093093,1.481814290785199,0.11757991014439699
3.103103103103103,1.4829898840624578,0.11748457837242315
3.113113113113113,1.4841648352202206,0.11738849582870754
3.123123123123123,1.4853391985903734,0.1172914749406635
3.133133133133133,1.4865129531761885,0.11719352858227015
3.143143143143143,1.4876860096653974,0.11709491125289265
3.153153153153153,1.4888583240319002,0.11699578349263948
3.163163163163163,1.490029854727303,0.11689629670279464
3.173173173173173,1.4912005626807776,0.11679659314616422
3.183183183183183,1.4923704112990612,0.11669680594707646
3.193193193193193,1.4935393664664554,0.11659705909138159
3.203203203203203,1.494707396544827,0.11649746742645198
3.2132132132132134,1.4958744723736084,0.1163981366611821
3.2232232232232234,1.4970405672697964,0.11629916336598847
3.2332332332332334,1.4982056570279534,0.11620063497280975
3.2432432432432434,1.4993697199202065,0.11610262977510663
3.2532532532532534,1.500532736696248,0.11600521692786193
3.2632632632632634,1.5016946905833353,0.11590845644758054
3.2732732732732734,1.5028555672862909,0.11581239921228943
3.2832832832832834,1.5040153549875022,0.11571708696153768
3.2932932932932935,1.505174044346922,0.11562255229639645
3.3033033033033035,1.5063316285020678,0.115528818679459
3.3133133133133135,1.5074881030680225,0.11543590043484063
3.3233233233233235,1.5086434661374337,0.11534380274817878
3.3333333333333335,1.5097977182805145,0.11525252166663297
3.3433433433433435,1.5109508625450425,0.11516204409888478
3.3533533533533535,1.5121029044563612,0.11507234781513791
3.3633633633633635,1.5132538520173782,0.11498340144711813
3.3733733733733735,1.514403715708567,0.1148951644880733
3.3833833833833835,1.515552508487966,0.11480758729277338
3.3933933933933935,1.5167002457911778,0.1147206110775104
3.4034034034034035,1.5178469455313714,0.11463416792009849
3.4134134134134135,1.5189926280992803,0.11454818075987387
3.4234234234234235,1.5201373163632026,0.11446256339769484
3.4334334334334335,1.521281035669002,0.11437722049594179
3.4434434434434436,1.5224238138401074,0.1142920475785172
3.4534534534534536,1.5235656811775122,0.11420693103084564
3.4634634634634636,1.5247066704597756,0.11412174809987377
3.4734734734734736,1.525846816943021,0.11403636689407032
3.4834834834834836,1.5269861583609377,0.11395064638342614
3.4934934934934936,1.5281247349247795,0.11386443639945414
3.5035035035035036,1.5292625893233658,0.11377757763518932
3.5135135135135136,1.5303997667230804,0.1136899016451888
3.5235235235235236,1.5315363147678727,0.11360123084553174
3.5335335335335336,1.532672283579257,0.11351137851381943
3.5435435435435436,1.5338077257563127,0.11342014878917522
3.5535535535535536,1.534942694816188,0.11332731068068265
3.5635635635635636,1.5360771829653632,0.11323280202514507
3.5735735735735736,1.537211125561469,0.11313686163469214
3.5835835835835836,1.5383444594657971,0.1130397284931762
3.5935935935935936,1.5394771247022982,0.11294162944876793
3.6036036036036037,1.5406090644575845,0.1128427792139563
3.6136136136136137,1.5417402250809271,0.11274338036554868
3.6236236236236237,1.5428705560842573,0.11264362334467067
3.6336336336336337,1.5440000101421667,0.11254368645676628
3.6436436436436437,1.5451285430919066,0.1124437358715978
3.6536536536536537,1.5462561139333886,0.11234392562324584
3.6636636636636637,1.547382684829184,0.11224439761010939
3.6736736736736737,1.5485082211045242,0.1121452815949057
3.6836836836836837,1.549632691247301,0.11204669520467038
3.6936936936936937,1.5507560669080653,0.11194874393075738
3.7037037037037037,1.551878322900029,0.11185152112883895
3.7137137137137137,1.5529994371990634,0.11175510801890566
3.7237237237237237,1.5541193909436997,0.11165957368526644
3.7337337337337337,1.5552381684351297,0.1115649750765485
3.7437437437437437,1.5563557571372044,0.11147135700569744
3.7537537537537538,1.5574721476764357,0.11137875214997713
3.7637637637637638,1.5585873338419949,0.11128718105096977
3.7737737737737738,1.5597013125857133,0.11119665211457593
3.7837837837837838,1.5608140840220825,0.11110716161101446
3.793793793793794,1.561925651428254,0.11101869367482255
3.803803803803804,1.563036021244039,0.11093122030485573
3.813813813813814,1.5641452030719092,0.11084470136428785
3.823823823823824,1.565253209676996,0.11075908458061107
3.833833833833834,1.5663600569870906,0.1106743055456359
3.843843843843844,1.5674657640926446,0.11059028771549115
3.853853853853854,1.5685703532467696,0.11050694241062398
3.863863863863864,1.5696738498652372,0.11042416881579986
3.873873873873874,1.5707762825264784,0.1103418539801026
3.883883883883884,1.5718776829715848,0.11025987281693432
3.893893893893894,1.572978086104308,0.11017808810401548
3.903903903903904,1.5740775299910592,0.11009635048338487
3.913913913913914,1.5751760558609103,0.11001449846139959
3.923923923923924,1.5762737081055924,0.10993235840873507
3.933933933933934,1.577370534279497,0.10984974456038506
3.943943943943944,1.5784665850996755,0.10976645901566166
3.953953953953954,1.5795619144458397,0.1096822917381953
3.963963963963964,1.5806565793603609,0.10959702055593468
3.973973973973974,1.5817506400482704,0.10951041116114688
3.983983983983984,1.5828441598772596,0.1094222171104173
3.993993993993994,1.5839372053776803,0.10933217982464964
4.004004004004004,1.5850298462425438,0.10924002858906595
4.014014014014014,1.5861221553275215,0.10914548055320661
4.024024024024024,1.5872141689380914,0.10904837790828335
4.034034034034034,1.5883056568578062,0.10894950594175312
4.044044044044044,1.5893965185222108,0.1088492388475891
4.054054054054054,1.590486696019565,0.1087478047914442
4.064064064064064,1.5915761343592572,0.1086454202396108
4.074074074074074,1.5926647814718056,0.10854228995902061
4.084084084084084,1.5937525882088577,0.10843860701724485
4.094094094094094,1.5948395083431905,0.10833455278249411
4.104104104104104,1.5959254985687101,0.10823029692361845
4.114114114114114,1.5970105185004522,0.10812599741010731
4.124124124124124,1.598094530674582,0.1080218005120896
4.134134134134134,1.5991775005483935,0.1079178408003336
4.1441441441441444,1.6002593965003105,0.10781424114624709
4.1541541541541545,1.6013401898298862,0.10771111272187721
4.1641641641641645,1.602419854757803,0.10760855499991055
4.1741741741741745,1.603498368425873,0.10750665575367314
4.1841841841841845,1.604575710897037,0.1074054910571304
4.1941941941941945,1.605651865155366,0.10730512528488721
4.2042042042042045,1.6067268171060598,0.10720561111218786
4.2142142142142145,1.6078005555754475,0.10710698951491607
4.2242242242242245,1.608873072310988,0.10700928976959496
4.2342342342342345,1.6099443619812697,0.10691252945338713
4.2442442442442445,1.6110144221760094,0.10681671444409455
4.2542542542542545,1.6120832534060543,0.10672183892015864
4.2642642642642645,1.6131508591033805,0.10662788536066026
4.2742742742742745,1.6142172456210937,0.10653482454531965
4.2842842842842845,1.6152824222334288,0.10644261555449654
4.2942942942942945,1.61634640113575,0.10635120576919002
4.3043043043043046,1.6174091974445508,0.10626053087103865
4.314314314314315,1.6184708291974546,0.10617051484232039
4.324324324324325,1.6195313173532135,0.10608106996595265
4.334334334334335,1.6205906857917096,0.10599209682549224
4.344344344344345,1.621648961313954,0.10590348430513542
4.354354354354355,1.622706173642087,0.10581510958971785
4.364364364364365,1.6237623554193785,0.10572683816471462
4.374374374374375,1.6248175422102282,0.10563852381624028
4.384384384384385,1.6258717725001643,0.10555000863104876
4.394394394394395,1.626925087695845,0.10546112299653343
4.404404404404405,1.6279775321250576,0.10537168560072709
4.414414414414415,1.6290291530367191,0.10528150343230197
4.424424424424425,1.6300800006008753,0.10519037178056972
4.434434434434435,1.631130127908702,0.10509807423548143
4.444444444444445,1.6321795909725036,0.10500438268762757
4.454454454454455,1.6332284487257152,0.10490905732823808
4.464464464464465,1.6342767630228994,0.10481184664918232
4.474474474474475,1.63532459863975,0.10471248744296906
4.484484484484485,1.6363720210670492,0.1046107127667934
4.494494494494495,1.6374189099675538,0.10450693825203144
4.504504504504505,1.6384651220174347,0.10440170128586915
4.514514514514515,1.6395106008005162,0.10429523168631288
4.524524524524525,1.6405552926980014,0.10418774766254635
4.534534534534535,1.6415991468884703,0.1040794558149306
4.544544544544545,1.642642115347881,0.10397055113500402
4.554554554554555,1.643684152849569,0.10386121700548233
4.564564564564565,1.6447252169642477,0.10375162520025862
4.574574574574575,1.6457652680600081,0.10364193588440332
4.584584584584585,1.6468042693023186,0.10353229761416419
4.594594594594595,1.6478421866540256,0.10342284733696634
4.604604604604605,1.6488789888753532,0.10331371039141224
4.614614614614615,1.6499146475239028,0.10320500050728168
4.624624624624625,1.6509491369546538,0.10309681980553181
4.634634634634635,1.6519824343199632,0.10298925879829714
4.644644644644645,1.6530145195695656,0.10288239638888946
4.654654654654655,1.6540453754505733,0.102776299871798
4.664664664664665,1.6550749875074762,0.10267102493268924
4.674674674674675,1.656103344082142,0.10256661564840709
4.684684684684685,1.657130436313816,0.10246310448697274
4.694694694694695,1.6581562581391212,0.10236051230758475
4.704704704704705,1.659180806292058,0.10225884836061903
4.714714714714715,1.660204080304005,0.10215811028762882
4.724724724724725,1.6612260825037182,0.10205828412134473
4.734734734734735,1.662246818017331,0.10195934428567467
4.744744744744745,1.663266294768355,0.10186125359570394
4.754754754754755,1.664284523477679,0.10176396325769517
4.764764764764765,1.6653015176635697,0.10166741286908831
4.774774774774775,1.6663172936416712,0.1015715304185007
4.784784784784785,1.667331870525006,0.10147623228572698
4.794794794794795,1.6683452702239732,0.10138142324173917
4.804804804804805,1.6693575174463504,0.10128699644868659
4.814814814814815,1.6703686396972928,0.10119283345989598
4.824824824824825,1.6713786672793325,0.10109880421987133
4.834834834834835,1.6723876332923804,0.10100476706429405
4.844844844844845,1.673395573633724,0.10091056872002287
4.854854854854855,1.6744025269980296,0.10081604430509383
4.864864864864865,1.6754085348773398,0.1007210173287204
4.874874874874875,1.6764136415610762,0.10062529969129329
4.884884884884885,1.6774178941360371,0.10052869168438062
4.894894894894895,1.678421342486399,0.10043098199072786
4.904904904904905,1.6794240392937159,0.1003319476842578
4.914914914914915,1.6804260400369193,0.10023135423007055
4.924924924924925,1.6814274029923189,0.10012895548444363
4.934934934934935,1.6824281892336015,0.10002449369483184
4.944944944944945,1.6834284626318317,0.09991769949986737
4.954954954954955,1.6844281984103604,0.09980864522531337
4.964964964964965,1.6854272010810039,0.09969808477822956
4.974974974974975,1.6864254108647376,0.09958626656655784
4.984984984984985,1.6874227764492125,0.09947340551864868
4.994994994994995,1.688419249160563,0.09935970527070387
5.005005005005005,1.6894147829634072,0.09924535816677649
5.015015015015015,1.6904093344608473,0.09913054525877095
5.025025025025025,1.691402862894469,0.09901543630644295
5.035035035035035,1.6923953301443417,0.0989001897773995
5.045045045045045,1.6933867007290182,0.09878495284709891
5.055055055055055,1.6943769418055357,0.09866986139885084
5.065065065065065,1.6953660231694148,0.09855504002381618
5.075075075075075,1.6963539172546593,0.09844060202100721
5.085085085085085,1.6973405991337573,0.09832664939728744
5.095095095095095,1.698326046517681,0.09821327286737175
5.105105105105105,1.6993102397558852,0.09810055185382628
5.115115115115115,1.7002931618363095,0.09798855448706852
5.125125125125125,1.7012747983853762,0.09787733760536722
5.135135135135135,1.7022551376679924,0.09776694675484249
5.145145145145145,1.703234170587548,0.0976574161894657
5.155155155155155,1.704211890685917,0.09754876887105955
5.165165165165165,1.7051882941434573,0.09744101646929805
5.175175175175175,1.7061633797790101,0.09733415936170649
5.185185185185185,1.7071371490499005,0.0972281866336615
5.195195195195195,1.7081096060519376,0.09712307607839102
5.205205205205205,1.7090807575194138,0.09701879419697425
5.215215215215215,1.7100506128251054,0.09691529619834174
5.225225225225225,1.7110191839802724,0.09681252599927535
5.235235235235235,1.7119864856346583,0.09671041622440821
5.245245245245245,1.7129525350764907,0.09660888820622479
5.255255255255255,1.7139173522324809,0.09650785198506086
5.265265265265265,1.7148809596678234,0.09640720630910347
5.275275275275275,1.7158433825861967,0.09630683863439102
5.285285285285285,1.7168046488297635,0.0962066251248132
5.295295295295295,1.7177647888791696,0.096106430652111
5.305305305305305,1.7187238358535446,0.0960061087958767
5.315315315315315,1.719681825510502,0.09590550184355394
5.325325325325325,1.720638796246139,0.09580444079043761
5.335335335335335,1.7215947890950363,0.09570274533967393
5.345345345345345,1.7225498477302583,0.09560022390226046
5.355355355355355,1.7235040184633539,0.095496673597046
5.365365365365365,1.7244573502443545,0.09539188025073073
5.375375375375375,1.725409894661776,0.09528561839786605
5.385385385385385,1.726361705942618,0.09517765128085476
5.395395395395395,1.7273128409523633,0.0950677308499509
5.405405405405405,1.728263359194979,0.09495559776325985
5.415415415415415,1.7292132825834279,0.09484114342717619
5.425425425425425,1.730162422523499,0.09472512060103984
5.435435435435435,1.731110702978533,0.09460784822005487
5.445445445445445,1.7320580754352424,0.09448953471489296
5.455455455455455,1.733004493847513,0.09437037767083041
5.465465465465465,1.7339499146364052,0.09425056382774817
5.475475475475475,1.734894296690153,0.09413026908013185
5.485485485485485,1.7358376013641648,0.09400965847707171
5.495495495495495,1.7367797924810224,0.09388888622226269
5.505505505505505,1.7377208363304821,0.09376809567400429
5.515515515515515,1.7386607016694742,0.09364741934520078
5.525525525525525,1.739599359722103,0.093526978903361
5.535535535535535,1.7405367841796464,0.09340688517059846
5.545545545545545,1.741472951200557,0.09328723812363132
5.555555555555555,1.7424078394104605,0.0931681268937824
5.565565565565565,1.7433414299021577,0.09304962976697917
5.575575575575575,1.7442737062356224,0.09293181418375374
5.585585585585585,1.7452046544380033,0.09281473673924287
5.595595595595595,1.7461342630036223,0.09269844318318798
5.605605605605605,1.747062522893976,0.09258296841993514
5.615615615615615,1.7479894275377346,0.09246833650843506
5.625625625625625,1.7489149728307423,0.09235456066224311
5.635635635635635,1.7498391571360172,0.09224164324951932
5.645645645645645,1.7507619812837523,0.09212957579302834
5.655655655655655,1.7516834485713133,0.0920183389701395
5.665665665665665,1.7526035647632408,0.09190790261282678
5.675675675675675,1.753522338091249,0.09179822570766878
5.685685685685685,1.7544397792542266,0.09168925639584878
5.6956956956956954,1.7553559014182356,0.09158093197315471
5.7057057057057055,1.7562707202165126,0.09147317888997913
5.7157157157157155,1.757184253749468,0.09136591275131926
5.7257257257257255,1.758096522584686,0.091259038316777
5.7357357357357355,1.7590075497569255,0.09115244950055884
5.7457457457457455,1.7599173607681184,0.09104602937147598
5.7557557557557555,1.7608259835873714,0.09093965015294422
5.7657657657657655,1.7617334486509648,0.09083317322298406
5.7757757757757755,1.7626397888623533,0.09072644911422062
5.7857857857857855,1.763545039592165,0.09061931751388366
5.7957957957957955,1.7644492386782027,0.09051160726380764
5.8058058058058055,1.7653524264254428,0.0904031363604316
5.8158158158158155,1.7662546456060357,0.0902937119547993
5.8258258258258255,1.767155941459306,0.09018313035255911
5.8358358358358355,1.7680563616917524,0.09007117701396404
5.8458458458458455,1.7689559564770472,0.0899576265538718
5.8558558558558556,1.769854778456037,0.0898422427417447
5.865865865865866,1.770752882736742,0.08972477850164973
5.875875875875876,1.7716503143050857,0.08960502847973777
5.885885885885886,1.7725469178681905,0.08948363151351153
5.895895895895896,1.7734425937756988,0.0893610121244864
5.905905905905906,1.7743372966153108,0.08923736994120368
5.915915915915916,1.7752309832588857,0.08911289431502731
5.925925925925926,1.776123612862441,0.08898776432014383
5.935935935935936,1.777015146866153,0.08886214875356231
5.945945945945946,1.7779055489943567,0.08873620613511445
5.955955955955956,1.7787947852555455,0.0886100847074545
5.965965965965966,1.7796828239423717,0.08848392243605935
5.975975975975976,1.7805696356316458,0.08835784700922839
5.985985985985986,1.7814551931843376,0.08823197583808366
5.995995995995996,1.7823394717455752,0.08810641605656977
6.006006006006006,1.7832224487446449,0.08798126452145388
6.016016016016016,1.784104103894992,0.0878566078123258
6.026026026026026,1.784984419194221,0.08773252223159783
6.036036036036036,1.7858633789240939,0.08760907380450494
6.046046046046046,1.786740969650532,0.08748631827910465
6.056056056056056,1.7876171802236154,0.08736430112627706
6.066066066066066,1.7884920017775823,0.08724305753972486
6.076076076076076,1.78936542773083,0.08712261243597332
6.086086086086086,1.7902374537859138,0.0870029804543703
6.096096096096096,1.7911080779295485,0.08688416595708623
6.106106106106106,1.7919773004326067,0.08676616302911414
6.116116116116116,1.7928451238501204,0.08664895547826962
6.126126126126126,1.7937115530212795,0.08653251683519089
6.136136136136136,1.7945765950694328,0.0864168103533387
6.146146146146146,1.7954402594020882,0.08630178900899643
6.156156156156156,1.7963025577109113,0.08618739550127001
6.166166166166166,1.7971635039717273,0.08607356225208795
6.176176176176176,1.7980231144445193,0.0859602114062014
6.186186186186186,1.7988814076734294,0.08584725483118401
6.196196196196196,1.7997384044867581,0.08573459411743208
6.206206206206206,1.8005941279969648,0.08562212057816446
6.216216216216216,1.8014486036006674,0.0855097152494226
6.226226226226226,1.8023018589786421,0.08539724889007051
6.236236236236236,1.8031539240958245,0.08528458198179484
6.246246246246246,1.8040048312013082,0.08517156472910475
6.256256256256256,1.8048546148283455,0.08505803705933204
6.266266266266266,1.8057033117943477,0.08494382862263107
6.276276276276276,1.806550961200884,0.08482875879197876
6.286286286286286,1.807397604433683,0.08471263666317469
6.296296296296296,1.8082432851626318,0.08459526105484093
6.306306306306306,1.8090880493417754,0.08447642050842219
6.316316316316316,1.8099319452093185,0.08435589328818577
6.326326326326326,1.8107750232876236,0.0842334473812215
6.336336336336336,1.8116173362495287,0.08410884107303176
6.346346346346346,1.8124587955875364,0.08398244439155955
6.356356356356356,1.813299262793024,0.08385485830763315
6.366366366366366,1.8141386956831311,0.08372627223887527
6.376376376376376,1.8149770541668986,0.08359686599899682
6.386386386386386,1.8158143002452676,0.08346680979779687
6.396396396396396,1.8166503980110804,0.08333626424116267
6.406406406406406,1.8174853136490805,0.08320538033106963
6.416416416416417,1.8183190154359115,0.08307429946558131
6.426426426426427,1.819151473740118,0.08294315343884952
6.436436436436437,1.8199826610221461,0.08281206444111416
6.446446446446447,1.8208125518343419,0.08268114505870336
6.456456456456457,1.8216411228209528,0.08255049827403338
6.466466466466467,1.822468352718127,0.08242021746560868
6.476476476476477,1.823294222353913,0.08229038640802187
6.486486486486487,1.824118714648261,0.08216107927195379
6.496496496496497,1.8249418146130214,0.08203236062417336
6.506506506506507,1.825763509351946,0.08190428542753776
6.516516516516517,1.8265837880606866,0.08177689904099228
6.526526526526527,1.8274026420267964,0.08165023721957043
6.536536536536537,1.8282200646297293,0.08152432611439385
6.546546546546547,1.8290360513408401,0.0813991822726724
6.556556556556557,1.8298505997233847,0.08127481263770406
6.566566566566567,1.8306637094325189,0.08115121454887503
6.576576576576577,1.8314753822153005,0.08102837574165964
6.586586586586587,1.8322856219106873,0.08090627434762045
6.596596596596597,1.8330944344495383,0.08078487889440812
6.606606606606607,1.8339018278546133,0.08066414830576155
6.616616616616617,1.8347078122405727,0.08054403190150776
6.626626626626627,1.835512399813978,0.08042446939756198
6.636636636636637,1.8363156048732916,0.0803053909059276
6.646646646646647,1.8371174438088762,0.08018671693469619
6.656656656656657,1.837917935102996,0.08006835838804745
6.666666666666667,1.8387170993298156,0.07995021656624932
6.676676676676677,1.8395149591554008,0.07983218316565788
6.686686686686687,1.8403115393377178,0.07971414027871736
6.696696696696697,1.8411068667266337,0.0795959603939602
6.706706706706707,1.8419009702639169,0.079477506396007
6.716716716716717,1.8426938809832358,0.07935863156556652
6.726726726726727,1.8434856320101607,0.07923917957943571
6.736736736736737,1.8442762585621617,0.0791189845104997
6.746746746746747,1.8450657979486105,0.07899787082773177
6.756756756756757,1.8458542895707792,0.07887565339619336
6.766766766766767,1.8466417749218407,0.07875213747703413
6.776776776776777,1.847428297586869,0.0786271187274919
6.786786786786787,1.848213903242839,0.07850038320089262
6.796796796796797,1.848998639658626,0.07837170734665044
6.806806806806807,1.8497825090395932,0.0782410698791502
6.816816816816817,1.8505653449141564,0.07810920685363261
6.826826826826827,1.851347093726412,0.07797636131549655
6.836836836836837,1.8521277184183786,0.07784270294107548
6.846846846846847,1.8529071838250666,0.0777083925633904
6.856856856856857,1.853685456674477,0.07757358217214999
6.866866866866867,1.8544625055876018,0.07743841491375042
6.876876876876877,1.8552383010784248,0.07730302509127554
6.886886886886887,1.8560128155539202,0.07716753816449673
6.896896896896897,1.8567860233140538,0.07703207074987298
6.906906906906907,1.8575579005517826,0.07689673062055086
6.916916916916917,1.858328425353054,0.07676161670636454
6.926926926926927,1.8590975776968075,0.07662681909383577
6.936936936936937,1.859865339454973,0.0764924190261739
6.946946946946947,1.860631694392472,0.07635848890327586
6.956956956956957,1.8613966281672165,0.07622509228172616
6.966966966966967,1.8621601283301104,0.07609228387479693
6.976976976976977,1.8629221843250485,0.07596010955244784
6.986986986986987,1.8636827874889161,0.0758286063413262
6.996996996996997,1.8644419310515907,0.07569780242476687
7.007007007007007,1.8651996101359398,0.07556771714279231
7.017017017017017,1.865955821757823,0.0754383609921126
7.027027027027027,1.8667105648260904,0.07530973562612536
7.037037037037037,1.8674638401425836,0.07518183385491584
7.047047047047047,1.8682156504021348,0.07505463964525683
7.057057057057057,1.868966000192568,0.07492812812060877
7.067067067067067,1.869714895994698,0.07480226556111964
7.077077077077077,1.8704623461823306,0.07467700940362504
7.087087087087087,1.8712083610222632,0.07455230824164813
7.097097097097097,1.8719529526742835,0.07442810182539968
7.107107107107107,1.8726961351911713,0.07430432106177805
7.117117117117117,1.8734379245186965,0.07418088801436919
7.127127127127127,1.8741783384956212,0.0740577159034466
7.137137137137137,1.8749173968536978,0.07393470910597143
7.147147147147147,1.8756551212176702,0.07381176315559239
7.157157157157157,1.8763915351052736,0.07368876474264575
7.167167167167167,1.8771266639272337,0.07356559171415541
7.177177177177177,1.877860534987268,0.07344211307383287
7.187187187187187,1.8785931774820845,0.07331818898207718
7.197197197197197,1.879324622501383,0.07319367075597497
7.207207207207207,1.8800549030278542,0.07306840086930051
7.217217217217217,1.8807840539371794,0.07294221295251561
7.227227227227227,1.8815121119980318,0.07281493179276972
7.237237237237237,1.882239115872075,0.07268637333389982
7.247247247247247,1.8829651061139645,0.07255634467643053
7.257257257257257,1.8836901251713465,0.07242464407757403
7.267267267267267,1.884414217338457,0.07229106116189159
7.277277277277277,1.8851373051454257,0.07215594067866854
7.287287287287287,1.8858592657276776,0.07201984301181348
7.297297297297297,1.8865800649796907,0.0718829275958496
7.307307307307307,1.8872996704863236,0.0717453458498537
7.317317317317317,1.888018051522816,0.07160724117745616
7.327327327327327,1.8887351790547882,0.07146874896684094
7.337337337337337,1.8894510257382415,0.07132999659074558
7.347347347347347,1.8901655659195586,0.07119110340646125
7.357357357357357,1.8908787756355026,0.07105218075583261
7.367367367367367,1.8915906326132172,0.07091333196525802
7.377377377377377,1.892301116270228,0.07077465234568933
7.387387387387387,1.8930102077144404,0.07063622919263203
7.397397397397397,1.8937178897441418,0.07049814178614516
7.407407407407407,1.8944241468479999,0.07036046139084139
7.4174174174174174,1.8951289652050631,0.07022325125588691
7.4274274274274275,1.8958323326847615,0.07008656661500155
7.4374374374374375,1.8965342388469053,0.06995045468645872
7.4474474474474475,1.8972346749416862,0.06981495467308536
7.4574574574574575,1.8979336339096764,0.06968009776226207
7.4674674674674675,1.8986311103818292,0.06954590712592298
7.4774774774774775,1.8993271006794787,0.06941239792055584
7.4874874874874875,1.9000216028143404,0.06927957728720195
7.4974974974974975,1.90071461648851,0.06914744435145623
7.5075075075075075,1.9014061430944647,0.06901599022346716
7.5175175175175175,1.902096185715062,0.0688851979979368
7.5275275275275275,1.902784749123541,0.06875504275412084
7.5375375375375375,1.9034718397835215,0.06862549155582848
7.5475475475475475,1.9041574658490037,0.06849650345142257
7.5575575575575575,1.9048416371643695,0.06836802947381952
7.5675675675675675,1.9055243652643814,0.06824001264048933
7.5775775775775776,1.9062056633741824,0.06811238795345556
7.587587587587588,1.906885546409297,0.0679850823992954
7.597597597597598,1.9075640309756305,0.0678580149491396
7.607607607607608,1.9082411353694688,0.06773109655867246
7.617617617617618,1.9089168795774791,0.06760423016813193
7.627627627627628,1.9095912852767092,0.0674773107023095
7.637637637637638,1.910264375834588,0.06735022507055027
7.647647647647648,1.9109361763089254,0.0672228521667529
7.657657657657658,1.911606713447912,0.06709506286936966
7.667667667667668,1.9122760156901193,0.06696672004140639
7.677677677677678,1.9129441131645,0.06683767853042251
7.687687687687688,1.9136110376903874,0.06670778516853103
7.697697697697698,1.914276822777496,0.06657687877239854
7.707707707707708,1.914941503625921,0.06644479014324524
7.717717717717718,1.9156051171261386,0.06631134206684489
7.727727727727728,1.9162677018590057,0.06617634931352483
7.737737737737738,1.916929296232629,0.0660396272815695
7.747747747747748,1.9175898036353147,0.0659016199694091
7.757757757757758,1.9182491283725769,0.06576277425123603
7.767767767767768,1.9189072406661114,0.06562323234330997
7.777777777777778,1.9195641122249456,0.06548312931943724
7.787787787787788,1.9202197162454369,0.06534259311097072
7.797797797797798,1.9208740274112734,0.06520174450680996
7.807807807807808,1.9215270218934744,0.06506069715340104
7.817817817817818,1.9221786773503888,0.06491955755473668
7.827827827827828,1.9228289729276975,0.06477842507235619
7.837837837837838,1.923477889258411,0.06463739192534551
7.847847847847848,1.924125408462871,0.06449654319033712
7.857857857857858,1.9247715141487498,0.06435595680151017
7.867867867867868,1.9254161914110504,0.06421570355059036
7.877877877877878,1.9260594268321063,0.06407584708685002
7.887887887887888,1.9267012084815818,0.06393644391710808
7.897897897897898,1.9273415259164717,0.06379754340573006
7.907907907907908,1.9279803701811018,0.06365918777462808
7.917917917917918,1.9286177338071282,0.06352141210326089
7.927927927927928,1.929253610813538,0.0633842443286338
7.937937937937938,1.929887996706649,0.06324770524529874
7.947947947947948,1.930520888480109,0.06311180850535426
7.957957957957958,1.9311522846148972,0.0629765606184455
7.967967967967968,1.9317821850793233,0.06284196095176418
7.977977977977978,1.9324105913290277,0.06270800173004865
7.987987987987988,1.9330375063069811,0.06257466803558383
7.997997997997998,1.9336629344434855,0.062441937808201294
8.008008008008009,1.9342868816561727,0.062309781845279154
8.018018018018019,1.934909355350006,0.06217816380174218
8.028028028028029,1.9355303644172792,0.06204704019006172
8.038038038038039,1.9361499192376161,0.06191636038025571
8.048048048048049,1.9367680316779723,0.06178606659988871
8.058058058058059,1.937384715092633,0.06165609393407186
8.068068068068069,1.937999984323215,0.061526370325462924
8.078078078078079,1.938613855698665,0.06139681657426626
8.088088088088089,1.9392263470352604,0.06126734633823282
8.098098098098099,1.93983747763661,0.06113786613266015
8.108108108108109,1.9404472682936527,0.061008275330392436
8.118118118118119,1.941055741284658,0.060878466161820424
8.128128128128129,1.9416629203752267,0.06074832371488149
8.138138138138139,1.9422688308182894,0.06061772593505958
8.148148148148149,1.942873499354108,0.06048654362538528
8.158158158158159,1.9434769542102746,0.06035464044643575
8.168168168168169,1.9440792251017125,0.06022187291633477
8.178178178178179,1.9446803432306754,0.0600880904107527
8.188188188188189,1.9452803412867476,0.05995313516290651
8.198198198198199,1.945879253446844,0.059816842263559794
8.208208208208209,1.9464771153752107,0.05967903966102272
8.218218218218219,1.9470738841556194,0.059539927236166974
8.228228228228229,1.9476694411131696,0.05940006803483107
8.238238238238239,1.948263759358097,0.0592595934634527
8.248248248248249,1.9488568142198246,0.05911862428211064
8.258258258258259,1.9494485823150909,0.05897727500292039
8.268268268268269,1.9500390415479492,0.05883565389003413
8.278278278278279,1.9506281711097682,0.05869386295964081
8.288288288288289,1.9512159514792318,0.05855199797996605
8.298298298298299,1.951802364422339,0.05841014847127219
8.308308308308309,1.952387392992404,0.05826839770585832
8.318318318318319,1.952971021530056,0.058126822708060216
8.328328328328329,1.9535532356632397,0.05798549425425037
8.338338338338339,1.9541340223072146,0.057844476872838
8.348348348348349,1.9547133696645556,0.05770382884426904
8.358358358358359,1.9552912672251528,0.05756360220102613
8.368368368368369,1.9558677057662113,0.057423842727628634
8.378378378378379,1.9564426773522514,0.057284589960632626
8.388388388388389,1.957016175335109,0.0571458771886309
8.398398398398399,1.9575881943539344,0.05700773145225296
8.408408408408409,1.9581587303351935,0.056870173544165036
8.418418418418419,1.9587277804926677,0.05673321800907006
8.428428428428429,1.959295343327453,0.05659687314370769
8.438438438438439,1.9598614186279608,0.056461140996854293
8.448448448448449,1.9604260074699176,0.05632601736932296
8.458458458458459,1.9609891122163652,0.05619149181396349
8.468468468468469,1.9615507365176605,0.056057547635662404
8.478478478478479,1.9621108853114757,0.05592416189134293
8.488488488488489,1.9626695648227979,0.05579130538996501
8.498498498498499,1.9632267825639296,0.05565894269252532
8.508508508508509,1.9637825473344883,0.055527032112057235
8.518518518518519,1.9643368692214067,0.05539552571363084
8.528528528528529,1.964889759598933,0.05526436931435297
8.538538538538539,1.96544123112863,0.055133502483367125
8.548548548548549,1.9659912977593763,0.055002858541853564
8.558558558558559,1.966539974727365,0.05487236456302923
8.568568568568569,1.967087278556105,0.05474194137214781
8.578578578578579,1.96763322705642,0.054611503546499685
8.588588588588589,1.9681778393264489,0.05448095941541196
8.598598598598599,1.9687211357516459,0.054350211060248454
8.608608608608609,1.9692631380047803,0.05421915431440971
8.618618618618619,1.9698038690459365,0.05408767876333297
8.62862862862863,1.970343353122514,0.05395566774449221
8.63863863863864,1.9708816157692282,0.0538229983473981
8.64864864864865,1.9714186838081085,0.053689541413598045
8.65865865865866,1.9719545853485,0.05355516153667616
8.66866866866867,1.9724893497870637,0.053419717062253264
8.67867867867868,1.9730230078077744,0.053283060087986917
8.68868868868869,1.9735555873731565,0.053145055699309655
8.6986986986987,1.974086995465865,0.05300615095112082
8.70870870870871,1.974617164325132,0.05286667563611982
8.71871871871872,1.9751460724539298,0.05272673807606266
8.72872872872873,1.9756736994491306,0.05258644123642579
8.73873873873874,1.9762000260015042,0.052445882726406115
8.74874874874875,1.97672503389572,0.052305154798920936
8.75875875875876,1.9772487060103454,0.052164344350608
8.76876876876877,1.977771026317846,0.052023532921825495
8.77877877877878,1.9782919798845873,0.05188279669665204
8.78878878878879,1.9788115528708317,0.05174220650288669
8.7987987987988,1.9793297325307417,0.05160182781204892
8.80880880880881,1.9798465072123776,0.05146172073937864
8.81881881881882,1.9803618663576985,0.0513219400438362
8.82882882882883,1.980875800502562,0.05118253512810239
8.83883883883884,1.9813883012767246,0.051043550038578425
8.84884884884885,1.981899361403841,0.050905023465385946
8.85885885885886,1.9824089747014646,0.050766988742367035
8.86886886886887,1.9829171360810478,0.0506294738470842
8.87887887887888,1.9834238415479413,0.0504925014008204
8.88888888888889,1.983929088201394,0.050356088668579005
8.8988988988989,1.984432874234554,0.05022024755908384
8.90890890890891,1.984935198934468,0.05008498462477913
8.91891891891892,1.9854360626820808,0.04995030106182957
8.92892892892893,1.9859354669522362,0.04981619271012026
8.93893893893894,1.9864334143136766,0.04968265005325676
8.94894894894895,1.9869299084290428,0.049549658218565044
8.95895895895896,1.9874249540548743,0.049417196977091515
8.96896896896897,1.9879185570416091,0.049285240743603013
8.97897897897898,1.988410724333584,0.04915375857658683
8.98898898898899,1.9889014639690343,0.049022714178250666
8.998998998999,1.9893907850800938,0.04889206589452267
9.00900900900901,1.9898786978927951,0.04876176671505141
9.01901901901902,1.9903652137270695,0.0486317642732059
9.02902902902903,1.9908503449967463,0.04850200084607558
9.03903903903904,1.9913341052095541,0.04837241335447033
9.04904904904905,1.9918165089671196,0.04824293336292045
9.05905905905906,1.9922975719649683,0.04811348707967669
9.06906906906907,1.9927773109925246,0.04798399535671022
9.07907907907908,1.993255743933111,0.04785437368971265
9.08908908908909,1.9937328897639484,0.04772453221809601
9.0990990990991,1.9942087685561574,0.04759437572499278
9.10910910910911,1.994683401474756,0.04746380363725587
9.11911911911912,1.9951568107786617,0.04733271002545862
9.12912912912913,1.99562901982069,0.04720098360389479
9.13913913913914,1.9961000530475552,0.0470685077305786
9.14914914914915,1.99656993599987,0.04693516040724468
9.15915915915916,1.9970386953121464,0.04680081427934811
9.16916916916917,1.9975063586959272,0.04666533671803294
9.17917917917918,1.9979728712452862,0.04652899734565179
9.18918918918919,1.9984381511145923,0.04639219974350898
9.1991991991992,1.998902180529446,0.046255036811515916
9.20920920920921,1.9993649426260292,0.04611759695823696
9.21921921921922,1.9998264214511041,0.045979964100889406
9.22922922922923,2.000286601962014,0.045842217665343535
9.23923923923924,2.0007454700266827,0.045704432586122584
9.24924924924925,2.0012030124236144,0.04556667930640274
9.25925925925926,2.0016592168418943,0.04542902377801317
9.26926926926927,2.002114071881189,0.04529152746143596
9.27927927927928,2.002567567051745,0.04515424732580619
9.28928928928929,2.0030196927743895,0.0450172358489119
9.2992992992993,2.003470440380531,0.044880541017194076
9.30930930930931,2.003919802112158,0.04474420632574667
9.31931931931932,2.0043677711218404,0.04460827077831659
9.32932932932933,2.0048143414727284,0.0444727688873037
9.33933933933934,2.0052595081385536,0.04433773067376084
9.34934934934935,2.005703267003627,0.044203181667393794
9.35935935935936,2.006145614862842,0.04406914290656131
9.36936936936937,2.0065865494216717,0.0439356309382751
9.37937937937938,2.0070260692961694,0.04380265781819983
9.38938938938939,2.007464174012971,0.04367023111065313
9.3993993993994,2.0079008640092906,0.04353835388860559
9.40940940940941,2.0083361406329256,0.043407024733680744
9.41941941941942,2.0087700061422527,0.04327623773615511
9.42942942942943,2.0092024637062287,0.043145982494958164
9.43943943943944,2.009633517404393,0.04301624411767231
9.44944944944945,2.0100631722268645,0.04288700322053296
9.45945945945946,2.0104914340743427,0.04275823592842844
9.46946946946947,2.0109183097581083,0.04262991387490006
9.47947947947948,2.0113438070000225,0.04250200420214209
9.48948948948949,2.0117679344325277,0.04237446956100175
9.4994994994995,2.0121907015986467,0.04224726811097923
9.50950950950951,2.0126121189519823,0.04212035352022768
9.51951951951952,2.0130321978567194,0.04199367496555319
9.52952952952953,2.0134509505876226,0.04186717713241483
9.53953953953954,2.013868390330038,0.04174080021492462
9.54954954954955,2.0142845311798916,0.04161447991584755
9.55955955955956,2.0146993881436903,0.041488147446601564
9.56956956956957,2.0151129771385223,0.04136172952725756
9.57957957957958,2.0155253149920567,0.0412351483865394
9.58958958958959,2.015936419442542,0.041108321761823906
9.5995995995996,2.0163463091388083,0.04098116289914086
9.60960960960961,2.016755003640267,0.04085358055317301
9.61961961961962,2.0171625234169093,0.04072547898725604
9.62962962962963,2.0175688898493074,0.04059675797337864
9.63963963963964,2.017974125228614,0.0404673127921824
9.64964964964965,2.018378252756563,0.04033703423296192
9.65965965965966,2.0187812922544888,0.040205829881601984
9.66966966966967,2.019183111719739,0.04007436074762863
9.67967967967968,2.019583636973249,0.03994300150696244
9.68968968968969,2.019982865545133,0.039811771186140675
9.6996996996997,2.0203807952604,0.039680687370193694
9.70970970970971,2.020777424238955,0.03954976620264497
9.71971971971972,2.021172750895597,0.039419022385511086
9.72972972972973,2.021566773940021,0.03928846917930173
9.73973973973974,2.0219594923768165,0.03915811840301971
9.74974974974975,2.0223509055054687,0.03902798043416092
9.75975975975976,2.0227410129203576,0.03889806420871438
9.76976976976977,2.0231298145107584,0.03876837722116222
9.77977977977978,2.0235173104608415,0.038638925524479666
9.78978978978979,2.023903501249673,0.03850971373013506
9.7997997997998,2.0242883876512128,0.03838074500808985
9.80980980980981,2.024671970734317,0.03825202108679859
9.81981981981982,2.025054251862737,0.03812354225320896
9.82982982982983,2.025435232695118,0.03799530735276172
9.83983983983984,2.0258149151850025,0.037867313789390754
9.84984984984985,2.0261933015808253,0.037739557525523056
9.85985985985986,2.0265703944259195,0.03761203308207872
9.86986986986987,2.026946196558511,0.03748473353847097
9.87987987987988,2.0273207111117215,0.037357650532606104
9.88988988988989,2.027693941513568,0.03723077426088355
9.8998998998999,2.0280658914869636,0.03710409347819584
9.90990990990991,2.0284365650497143,0.03697759549792863
9.91991991991992,2.028805966514523,0.03685126619196065
9.92992992992993,2.0291741004889867,0.036725089990663776
9.93993993993994,2.029540971875599,0.036599049882902954
9.94994994994995,2.0299065858717475,0.036473127416036276
9.95995995995996,2.030270947969715,0.036347302695914914
9.96996996996997,2.030634063956679,0.03622155438688317
9.97997997997998,2.030995939914714,0.03609585971177843
9.98998998998999,2.0313565822207877,0.03597019445193121
10.0,2.0317159975467636,0.035844532947165136
